noneed_discharge_program/log/C27.log,C,9,"13+17+23+25+31+33+37+38+41"
noneed_discharge_program/log/C28.log,D,0,-
noneed_discharge_program/log/C29.log,C,1,"51"
noneed_discharge_program/log/D01.log,D,0,-
noneed_discharge_program/log/D02.log,D,0,-
noneed_discharge_program/log/D03.log,D,0,-
noneed_discharge_program/log/D04.log,D,0,-
noneed_discharge_program/log/D05.log,D,0,-
noneed_discharge_program/log/D06.log,D,0,-
noneed_discharge_program/log/D07.log,D,0,-
noneed_discharge_program/log/D08.log,D,0,-
noneed_discharge_program/log/D09.log,C,1,"29"
noneed_discharge_program/log/D10.log,D,0,-
